keyword,count
learning,73
reinforcement,56
training,54
power,53
diffusion,53
inference,53
privacy,53
federated,53
representation,53
edge,52
generalization,52
deep,52
multi,50
task,50
language,3
decentralized,3
neural,3
networks,3
parasitic,3
size,2
imbalanced,2
through,2
caching,2
forecasting,2
evaluation,2
gaussian,2
time,2
contrastive,2
differential,2
robust,2
safe,2
adaptive,2
optimization,2
efficient,2
structure,2
scalable,2
artificial,2
heterogeneous,2
label,2
imitation,2
network,2
nonlinear,2
operator,2
graph,2
across,2
domains,2
estimation,2
multi-task,2
enhancing,2
capacitance,2
prediction,2
ams,2
circuits,2
does,1
scaling,1
lead,1
visual,1
compositional,1
generalization?,1
small,1
batch,1
models:,1
vanilla,1
sgd,1
works,1
gradient,1
accumulation,1
wasteful,1
addressing,1
domain-incremental,1
dual-balance,1
collaborative,1
experts,1
ensemble,1
embedding,1
improving,1
semantic,1
llm-based,1
self-supervised,1
edge:,1
cost,1
labeling,1
plame:,1
leveraging,1
pretrained,1
generate,1
enhanced,1
protein,1
multiple,1
sequence,1
alignments,1
on-device,1
smart,1
meter,1
grid,1
intelligence,1
exact,1
accuracy,1
inverse,1
problems,1
